STATUS_ID,USER_ID,STATUS_TEXT
Ynes.Stokes2_663,Ynes.Stokes2,maddening education experiment undesirable pocket
Meris.Connolly26_450,Meris.Connolly26,scintillating driving acted wild vest
Dionis.Maurene89_121,Dionis.Maurene89,filthy sail synthesize mindless sisters
Dionis.Maurene89_345,Dionis.Maurene89,picayune flock peep heartbreaking answer
Kristel.Lauzon23_841,Kristel.Lauzon23,detailed guide send volatile afternoon
Julissa.Wu4_234,Julissa.Wu4,unable rhythm arise sweltering drawer
Gabriella.Jeconiah15_602,Gabriella.Jeconiah15,fluffy volleyball box comfortable berry
Lucretia.Bekki10_511,Lucretia.Bekki10,slow beef uphold rustic story
Evita.Garbe93_995,Evita.Garbe93,disgusted goose drip snotty joke
Tracey.Athallia42_939,Tracey.Athallia42,warlike waste fling impartial cherries
Ruthie.Kimmy92_606,Ruthie.Kimmy92,tart aftermath save excited truck
Sonia.Honan43_972,Sonia.Honan43,misty mark tug open dime
Nicholle.Tara57_249,Nicholle.Tara57,hilarious mind ignore brief stew
Ynes.Stokes2_659,Ynes.Stokes2,knotty thrill fax pathetic spoon
Cherlyn.Derril53_512,Cherlyn.Derril53,obsequious toad upgrade curly basin
Juditha.Barbabas1_193,Juditha.Barbabas1,daily title screw grotesque door
Zena.Lacie18_560,Zena.Lacie18,industrious pin promise poor lunchroom
Evangeline.Dublin23_362,Evangeline.Dublin23,thirsty business wail fluttering clover
Kristel.Lauzon23_177,Kristel.Lauzon23,changeable coat suggest splendid death
Dedie.Robenia64_741,Dedie.Robenia64,tasteless ghost argue square basketball
Starr.Stinky51_565,Starr.Stinky51,defective actor nail shocking partner
Nicholle.Tara57_174,Nicholle.Tara57,youthful action poke willing town
Cal.Martinic46_978,Cal.Martinic46,sharp bedroom warn fresh trains
Petronella.Brent29_866,Petronella.Brent29,rare mom book offbeat step
Starr.Stinky51_721,Starr.Stinky51,taboo soda sit tangy juice
Lucie.Guzel18_708,Lucie.Guzel18,tame breakfast go ad hoc scent
Shena.Hinkle84_855,Shena.Hinkle84,royal news counsel deserted ball
Meris.Connolly26_311,Meris.Connolly26,teeny feet search vivacious heart
Maggy.Claudetta13_151,Maggy.Claudetta13,ludicrous juice tease petite water
Reena.Bradski31_616,Reena.Bradski31,satisfying company grin legal passenger
Amelina.Burne81_257,Amelina.Burne81,jittery music scold uneven calculator
Abigale.Raynard49_699,Abigale.Raynard49,uptight body screw abject friction
Althea.Clarhe34_34,Althea.Clarhe34,picayune banana shoot cloudy marble
Else.Kallista11_702,Else.Kallista11,tart hope reduce large tramp
Petronella.Brent29_588,Petronella.Brent29,excited aunt send excited governor
Virginie.Liggitt13_599,Virginie.Liggitt13,adjoining father walk psychotic throne
Darbie.Stedman42_203,Darbie.Stedman42,tranquil can clothe whimsical hot
Nita.Perice32_426,Nita.Perice32,fluttering maid compete scattered peace
Becki.Kristofer27_485,Becki.Kristofer27,tearful beggar supervise unarmed holiday
Cherlyn.Derril53_564,Cherlyn.Derril53,squalid cable prescribe giant grain
Clarine.Garbe22_202,Clarine.Garbe22,boundless cup justify stale water
Ameline.Netta31_703,Ameline.Netta31,fierce morning face average lettuce
Astrix.Shira16_82,Astrix.Shira16,quixotic pickle prefer nice degree
Katherine.Hagerman37_863,Katherine.Hagerman37,empty cloth mate cruel drain
Darbie.Stedman42_61,Darbie.Stedman42,succinct animal scrub auspicious quartz
Starr.Stinky51_177,Starr.Stinky51,dull baseball eliminate foregoing fruit
Lurleen.Marten60_738,Lurleen.Marten60,spectacular note normalize hallowed holiday
Kristel.Lauzon23_693,Kristel.Lauzon23,known respect show comfortable wine
Becki.Kristofer27_183,Becki.Kristofer27,luxuriant army spare tight cactus
Shaina.Maunsell60_693,Shaina.Maunsell60,curly beginner flood mindless airport
Molli.Centeno46_311,Molli.Centeno46,rich money tap curved attraction
Rozelle.Spracklen43_176,Rozelle.Spracklen43,wry stretch spread plucky verse
Galina.Walker14_880,Galina.Walker14,snobbish window injure obeisant leather
Perrine.Sielen97_196,Perrine.Sielen97,rare fireman spin agonizing ray
Galina.Walker14_232,Galina.Walker14,tired pail file rapid pizzas
Audi.Stempson9_457,Audi.Stempson9,nutty use provide rotten temper
Roxine.Ansela46_779,Roxine.Ansela46,lush hands pilot dramatic chin
Trudy.Annnora23_816,Trudy.Annnora23,snotty milk systemize subsequent punishment
Becki.Kristofer27_655,Becki.Kristofer27,numerous furniture wash whispering pleasure
Inger.Celinka97_45,Inger.Celinka97,spiffy voice lock poised sack
Monah.Renick44_594,Monah.Renick44,pretty seat prefer deep jail
Julissa.Wu4_369,Julissa.Wu4,quixotic wound trot unbecoming beggar
Milzie.Warms39_261,Milzie.Warms39,silky jail form sleepy popcorn
Jerry.Hannis2_338,Jerry.Hannis2,meek cars long old basket
Evita.Garbe93_733,Evita.Garbe93,spotless pies endure ubiquitous game
Jorie.Angrist37_833,Jorie.Angrist37,hulking nose eliminate elegant attempt
Nannie.Musser65_427,Nannie.Musser65,peaceful rifle advise defective silk
Cindra.Rento16_654,Cindra.Rento16,stimulating rifle cost hard straw
Robinetta.Hunfredo40_259,Robinetta.Hunfredo40,magical lock slit vulgar zipper
Dedie.Robenia64_510,Dedie.Robenia64,fertile dirt conduct royal hall
Audi.Stempson9_578,Audi.Stempson9,crabby history pop teeny-tiny bead
Larissa.Romelda21_963,Larissa.Romelda21,envious table jail dark scene
Lurleen.Marten60_750,Lurleen.Marten60,jolly cause doubt annoyed fork
Patsy.Domenech76_619,Patsy.Domenech76,high-pitched shape calculate null attraction
Ynes.Stokes2_928,Ynes.Stokes2,amuck step advise itchy faucet
Virginie.Liggitt13_614,Virginie.Liggitt13,alert mom interest misty cast
Astrix.Shira16_919,Astrix.Shira16,lying wing become tense river
Tomasina.Camel58_32,Tomasina.Camel58,uncovered airport mediate foolish afternoon
Ronica.Wickham74_920,Ronica.Wickham74,offbeat town fax black station
Trudy.Annnora23_434,Trudy.Annnora23,receptive train melt flat feet
Kirby.Siberson33_897,Kirby.Siberson33,overt fly soothsay straight vegetable
Tomasina.Camel58_827,Tomasina.Camel58,parched circle edited historical furniture
Auria.Odyssey25_910,Auria.Odyssey25,solid pencil work calm decision
Nessa.Orvan7_450,Nessa.Orvan7,invincible rate feed axiomatic sun
Audi.Stempson9_970,Audi.Stempson9,craven plant buze jolly writer
Vanny.Penman43_208,Vanny.Penman43,ahead writing persuade adamant interest
Krissie.Lissner96_319,Krissie.Lissner96,knotty feast investigate gigantic fear
Nicholle.Tara57_418,Nicholle.Tara57,damp horn chop towering coil
Cal.Martinic46_119,Cal.Martinic46,new heat blow instinctive direction
Trudy.Annnora23_401,Trudy.Annnora23,hissing ball bet sweet ball
Ninon.Collum48_343,Ninon.Collum48,acceptable heart train resolute monkey
Lucie.Guzel18_707,Lucie.Guzel18,crazy comparison administer wasteful dress
Meris.Connolly26_113,Meris.Connolly26,encouraging cactus sack aboriginal cap
Leanna.Kuo93_884,Leanna.Kuo93,icy wish improve wandering size
Evita.Garbe93_659,Evita.Garbe93,gleaming observation fill repulsive nest
Sari.Still60_132,Sari.Still60,clear calendar decay fabulous taste
Reena.Bradski31_4,Reena.Bradski31,possessive boats diagnose furtive jellyfish
Cal.Martinic46_771,Cal.Martinic46,fantastic key bleach offbeat bell
Theodora.Jarrett67_236,Theodora.Jarrett67,recondite arithmetic challenge naughty needle
Gunilla.Burner14_658,Gunilla.Burner14,apathetic distance blush understood activity
Virginie.Liggitt13_915,Virginie.Liggitt13,nonchalant fog mislead smiling music
Petronella.Brent29_496,Petronella.Brent29,smoggy station reply childlike hour
Tomasina.Camel58_872,Tomasina.Camel58,needless office whip jumbled vein
Larissa.Romelda21_187,Larissa.Romelda21,brainy wire speed lazy bomb
Virginie.Liggitt13_778,Virginie.Liggitt13,rotten water transfer ignorant insect
Jorie.Angrist37_812,Jorie.Angrist37,ossified locket enforce nostalgic circle
Gunilla.Burner14_266,Gunilla.Burner14,vivacious activity begin rebellious join
Edeline.Annunciata32_993,Edeline.Annunciata32,bad jam kiss nutty writer
Ynes.Stokes2_977,Ynes.Stokes2,cloudy government lend succinct reward
Chloette.Sisson31_249,Chloette.Sisson31,awful soda lecture embarrassed pocket
Abigale.Raynard49_755,Abigale.Raynard49,righteous achieve surround giant table
Starr.Stinky51_621,Starr.Stinky51,wistful pickle excite heartbreaking throne
Kathi.Dronski50_167,Kathi.Dronski50,spotless man encourage lean bait
Darbie.Stedman42_177,Darbie.Stedman42,greasy doctor flood puny bean
Jonis.Kamp11_296,Jonis.Kamp11,vengeful stage jail evasive crayon
Starr.Stinky51_981,Starr.Stinky51,macabre collar cling cold whistle
Marigold.Kacey87_549,Marigold.Kacey87,magnificent meeting guess subsequent joke
Essa.Hansen76_974,Essa.Hansen76,earsplitting education scrub sloppy airport
Madeleine.Julianna52_567,Madeleine.Julianna52,towering robin dust wandering nose
Tandi.Adele32_771,Tandi.Adele32,noisy growth motivate beautiful turn
Roxine.Ansela46_772,Roxine.Ansela46,mushy number keep utopian string
Ameline.Netta31_825,Ameline.Netta31,unequaled volleyball ask finicky coil
Lurleen.Marten60_26,Lurleen.Marten60,sleepy nation hear distinct hair
Eden.Janet38_421,Eden.Janet38,sassy legs signal daily eggnog
Amelina.Burne81_498,Amelina.Burne81,draconian boot back jobless basketball
Opal.Loram56_254,Opal.Loram56,elegant monkey transform ripe disease
Audi.Stempson9_755,Audi.Stempson9,steady song purchase inexpensive library
Leanna.Kuo93_777,Leanna.Kuo93,efficient cabbage wink abundant force
Cindra.Rento16_303,Cindra.Rento16,abhorrent power marry tasteful test
Monah.Renick44_658,Monah.Renick44,panoramic respect work quickest ticket
Andrea.Babette70_193,Andrea.Babette70,berserk stomach classify hellish elbow
Roxine.Ansela46_778,Roxine.Ansela46,troubled toad sell scattered change
Pietra.Wehrle64_86,Pietra.Wehrle64,wry uncle face nutritious weather
Andrea.Babette70_868,Andrea.Babette70,ruthless holiday close open bulb
Virginie.Liggitt13_425,Virginie.Liggitt13,capable force nest condemned bubble
Cherlyn.Derril53_631,Cherlyn.Derril53,succinct harmony increase silent railway
Ruthie.Kimmy92_419,Ruthie.Kimmy92,fanatical look reinforce apathetic shirt
Nita.Perice32_440,Nita.Perice32,filthy pocket wait chilly loss
Meris.Connolly26_482,Meris.Connolly26,scattered pan belong overconfident insurance
Ynes.Stokes2_792,Ynes.Stokes2,encouraging notebook misunderstand good detail
Trudy.Annnora23_93,Trudy.Annnora23,smooth stage warn plausible earth
Roxine.Ansela46_147,Roxine.Ansela46,relieved picture mourn defeated creature
Marilyn.Gill52_150,Marilyn.Gill52,envious sink classify mere fire
Inger.Celinka97_0,Inger.Celinka97,ethereal laborer lecture sable flowers
Kirby.Siberson33_340,Kirby.Siberson33,narrow battle surprise wide-eyed arch
Inger.Celinka97_457,Inger.Celinka97,painstaking grain question puny beast
Gunilla.Burner14_414,Gunilla.Burner14,ablaze zephyr bear loose shock
Rozelle.Spracklen43_961,Rozelle.Spracklen43,colossal vase spark careful texture
Gunilla.Burner14_212,Gunilla.Burner14,acrid road imagine juvenile plants
Cal.Martinic46_980,Cal.Martinic46,null bite hold eminent boundary
Krissie.Lissner96_103,Krissie.Lissner96,breakable van suggest rabid hate
Jorie.Angrist37_307,Jorie.Angrist37,tough bath transfer damp lock
Larissa.Romelda21_311,Larissa.Romelda21,daily dirt behave muddled stretch
Nicholle.Tara57_951,Nicholle.Tara57,incandescent blade rob expensive drug
Brier.Paten4_525,Brier.Paten4,old fruit ski tight name
Tomasina.Camel58_94,Tomasina.Camel58,aquatic shock complete jagged pets
Kirby.Siberson33_746,Kirby.Siberson33,steady grandfather weep lazy structure
Milzie.Warms39_22,Milzie.Warms39,uninterested cherry stay substantial squirrel
Terri.Mackoff35_838,Terri.Mackoff35,reminiscent reward originate aboriginal doll
Becki.Kristofer27_166,Becki.Kristofer27,voracious cast endure exultant beef
Cal.Martinic46_283,Cal.Martinic46,pastoral apples stare voracious pet
Kirby.Siberson33_279,Kirby.Siberson33,rightful yak bounce billowy tray
Inger.Celinka97_796,Inger.Celinka97,aloof position lean sable desk
Clarine.Garbe22_953,Clarine.Garbe22,ashamed crayon thank finicky dock
Gabriella.Jeconiah15_350,Gabriella.Jeconiah15,famous mark flee little lamp
Jerry.Hannis2_813,Jerry.Hannis2,obeisant father add groovy chair
Ronica.Wickham74_309,Ronica.Wickham74,damp scent revise crabby dad
Trudy.Annnora23_711,Trudy.Annnora23,tangy jar play shallow girls
Amandy.Panta30_163,Amandy.Panta30,clear boy pick massive mist
Abbe.Shurlock35_10,Abbe.Shurlock35,utopian straw shade equable land
Lucie.Guzel18_539,Lucie.Guzel18,joyous bucket practice sneaky worm
Jackie.Jean-Claude54_933,Jackie.Jean-Claude54,gentle station cheat purple cat
Marilyn.Eshman33_403,Marilyn.Eshman33,jaded expansion assemble evanescent army
Tracey.Athallia42_589,Tracey.Athallia42,classy meal alert energetic pot
Else.Kallista11_517,Else.Kallista11,large effect misunderstand few mind
Robinetta.Hunfredo40_166,Robinetta.Hunfredo40,mundane beam permit sincere mask
Tracey.Athallia42_942,Tracey.Athallia42,wrathful skate appraise obeisant wilderness
Jorie.Angrist37_710,Jorie.Angrist37,flippant party whistle enthusiastic class
Auria.Odyssey25_587,Auria.Odyssey25,flippant pail render cagey fold
Althea.Clarhe34_28,Althea.Clarhe34,defective yak cheer peaceful girl
Lucie.Guzel18_417,Lucie.Guzel18,entertaining cactus withhold hallowed language
Milzie.Warms39_935,Milzie.Warms39,omniscient belief regret tenuous ladybug
Monah.Renick44_521,Monah.Renick44,flippant linen boil melodic copper
Brier.Paten4_541,Brier.Paten4,abusive cub coordinate lively record
Clarine.Garbe22_103,Clarine.Garbe22,hospitable treatment tire recondite treatment
Marilyn.Gill52_822,Marilyn.Gill52,abiding airplane cross industrious lumber
Galina.Walker14_347,Galina.Walker14,fierce winter breathe obeisant process
Jonis.Kamp11_138,Jonis.Kamp11,red bedroom rate grouchy scissors
Theodora.Jarrett67_996,Theodora.Jarrett67,helpful fear extend tasty rock
Ynes.Stokes2_467,Ynes.Stokes2,greedy hydrant decide nostalgic lawyer
Nannie.Musser65_530,Nannie.Musser65,fancy beast nominate resonant cable
Nannie.Musser65_612,Nannie.Musser65,imported industry sigh thirsty treatment
Tandi.Adele32_265,Tandi.Adele32,tightfisted drop tour stupid fifth
Astrix.Shira16_106,Astrix.Shira16,malicious road yawn precious home
Molli.Centeno46_789,Molli.Centeno46,melted discovery behave spiritual train
Marigold.Kacey87_529,Marigold.Kacey87,elfin answer memorize deeply current
Ruthie.Kimmy92_699,Ruthie.Kimmy92,scrawny island sell volatile top
Edeline.Annunciata32_665,Edeline.Annunciata32,handsome pail bounce venomous competition
Dedie.Robenia64_467,Dedie.Robenia64,knowing tail navigate foregoing sofa
Molli.Centeno46_12,Molli.Centeno46,longing stage wave inconclusive week
Jackie.Jean-Claude54_793,Jackie.Jean-Claude54,harmonious uncle hunt earsplitting destruction
Sari.Still60_922,Sari.Still60,painful crayon praised plain soda
Starr.Stinky51_562,Starr.Stinky51,abaft quarter frighten gorgeous pot
Andrea.Babette70_433,Andrea.Babette70,economic thumb accomplish squalid bead
Kristel.Lauzon23_856,Kristel.Lauzon23,gleaming lock obtain cagey giraffe
Gabriella.Jeconiah15_890,Gabriella.Jeconiah15,filthy women explain deafening field
Starr.Stinky51_506,Starr.Stinky51,fierce grass accept skinny bait
Starr.Stinky51_832,Starr.Stinky51,numerous snow overthrow mundane light
Galina.Walker14_993,Galina.Walker14,lopsided bait prescribe stimulating partner
Pearla.Andrew31_625,Pearla.Andrew31,friendly aftermath creep determined oil
Trudy.Annnora23_909,Trudy.Annnora23,jolly celery promote incompetent father
Dedie.Robenia64_905,Dedie.Robenia64,overwrought partner introduce guarded writer
Ronica.Wickham74_617,Ronica.Wickham74,eager fight become purple pleasure
Trudy.Annnora23_500,Trudy.Annnora23,rich clover broadcast available team
Terri.Mackoff35_384,Terri.Mackoff35,average soda nest elfin cup
Wren.Zetta3_487,Wren.Zetta3,steadfast oatmeal transcribe giant mitten
Ninon.Collum48_261,Ninon.Collum48,grieving linen pack zonked tail
Chloette.Sisson31_330,Chloette.Sisson31,materialistic boat mentor ripe word
Marieann.Siddra73_22,Marieann.Siddra73,ablaze twig ring uttermost game
Starr.Stinky51_254,Starr.Stinky51,ambiguous arithmetic put enchanting basketball
Larissa.Romelda21_939,Larissa.Romelda21,wary crib pinpoint earsplitting degree
Sari.Still60_426,Sari.Still60,kaput money connect curved interest
Jerry.Hannis2_580,Jerry.Hannis2,obscene mitten heap temporary ornament
Jonis.Kamp11_308,Jonis.Kamp11,giant engine drink pathetic kitten
Sonia.Honan43_696,Sonia.Honan43,frail magic crash abounding magic
Chloette.Sisson31_714,Chloette.Sisson31,unadvised bomb lifted gifted woman
Gabriella.Jeconiah15_296,Gabriella.Jeconiah15,hysterical bee bless gamy silver
Cindra.Rento16_231,Cindra.Rento16,shaky rat zip omniscient song
Wren.Zetta3_971,Wren.Zetta3,versed men withstand beautiful bucket
Amandy.Panta30_334,Amandy.Panta30,crowded family see ludicrous pigs
Andrea.Babette70_460,Andrea.Babette70,busy lift sublet futuristic cats
Edeline.Annunciata32_472,Edeline.Annunciata32,lopsided crayon know abundant parcel
Virginie.Liggitt13_868,Virginie.Liggitt13,charming spring overdo defective pin
Shena.Hinkle84_818,Shena.Hinkle84,penitent patch blink inexpensive toad
Galina.Walker14_730,Galina.Walker14,measly root suit lying sheet
Juditha.Barbabas1_969,Juditha.Barbabas1,numerous part talk secretive magic
Auria.Odyssey25_416,Auria.Odyssey25,zany mailbox predict devilish quarter
Kirby.Siberson33_965,Kirby.Siberson33,likeable fight fear entertaining army
Maggy.Claudetta13_14,Maggy.Claudetta13,nutritious galley part sneaky income
Inger.Celinka97_530,Inger.Celinka97,various page shut frail bedroom
Madeleine.Julianna52_852,Madeleine.Julianna52,clean thing improvise swift army
Chloette.Sisson31_661,Chloette.Sisson31,disillusioned mice examine ordinary birds
Jackie.Jean-Claude54_690,Jackie.Jean-Claude54,dry action play defective woman
Jerry.Hannis2_841,Jerry.Hannis2,optimal seashore yell screeching trade
Amandy.Panta30_269,Amandy.Panta30,boiling request stink fuzzy prose
Cal.Martinic46_464,Cal.Martinic46,wary attack beat tan hair
Leanna.Kuo93_732,Leanna.Kuo93,afraid fang justify quack thrill
Trudy.Annnora23_256,Trudy.Annnora23,greedy dirt cure shrill bomb
Lucretia.Bekki10_756,Lucretia.Bekki10,chivalrous sort travel low sweater
Ronica.Wickham74_576,Ronica.Wickham74,absurd balloon knot ceaseless fork
Brier.Paten4_356,Brier.Paten4,typical hen carry tacit zinc
Lucie.Guzel18_11,Lucie.Guzel18,crabby space send fallacious children
Abbe.Shurlock35_257,Abbe.Shurlock35,questionable marble communicate wasteful toad
Perrine.Sielen97_988,Perrine.Sielen97,hurt apparatus build quaint route
Lucretia.Bekki10_620,Lucretia.Bekki10,materialistic game memorize amuck flag
Shena.Hinkle84_88,Shena.Hinkle84,ruddy teeth stuff tangy tiger
Erinn.MacFadyn44_753,Erinn.MacFadyn44,vigorous soap say assorted toy
Juli.Cayla8_500,Juli.Cayla8,voracious cap battle unaccountable wealth
Gabriella.Jeconiah15_507,Gabriella.Jeconiah15,flat airplane hum tasteless place
Dedie.Robenia64_202,Dedie.Robenia64,highfalutin creator pioneer wealthy bell
Katherine.Hagerman37_660,Katherine.Hagerman37,stimulating detail greet immense effect
Lise.Aronson91_981,Lise.Aronson91,madly bottle render broad pull
Julissa.Wu4_893,Julissa.Wu4,whispering van reinforce hissing trick
Terri.Mackoff35_940,Terri.Mackoff35,cloistered cloth press makeshift snow
Andrea.Babette70_496,Andrea.Babette70,devilish girl lean nostalgic daughter
Andrea.Babette70_616,Andrea.Babette70,hollow spot direct purple hammer
Trudy.Annnora23_207,Trudy.Annnora23,decisive friction relate gleaming apple
Muire.Horsey49_927,Muire.Horsey49,great sun squash motionless net
Alfreda.Ware75_959,Alfreda.Ware75,cheerful fold ring elite chicken
Jerry.Hannis2_159,Jerry.Hannis2,quaint book motivate literate throne
Tandi.Adele32_789,Tandi.Adele32,cooing lunchroom describe aromatic hook
Amelina.Burne81_145,Amelina.Burne81,fierce badge raise vacuous condition
Marilyn.Gill52_882,Marilyn.Gill52,resonant nose tear hulking songs
Roxine.Ansela46_741,Roxine.Ansela46,feigned route rise lush health
Leanna.Kuo93_805,Leanna.Kuo93,thinkable ornament sink repulsive spiders
Terri.Mackoff35_498,Terri.Mackoff35,ancient mark forego alcoholic water
Katherine.Hagerman37_592,Katherine.Hagerman37,helpful toes ring ablaze quilt
Monah.Renick44_431,Monah.Renick44,solid discussion inform rabid team
Madeleine.Julianna52_131,Madeleine.Julianna52,woozy current command luxuriant book
Cindra.Rento16_454,Cindra.Rento16,cheerful queen march many space
Lucie.Guzel18_86,Lucie.Guzel18,solid mind bruise ludicrous jellyfish
Zena.Lacie18_105,Zena.Lacie18,fancy tank excuse wry duck
Astrix.Shira16_851,Astrix.Shira16,mute stone wonder adorable cellar
Nessa.Orvan7_795,Nessa.Orvan7,detailed slope matter early women
Evita.Garbe93_201,Evita.Garbe93,better house cover nosy clam
Erinn.MacFadyn44_313,Erinn.MacFadyn44,measly cars promote luxuriant heat
Evangeline.Dublin23_941,Evangeline.Dublin23,bloody shame radiate premium cook
Marilyn.Eshman33_252,Marilyn.Eshman33,embarrassed exchange represent busy church
Perrine.Sielen97_375,Perrine.Sielen97,soft slave begin wet acoustics
Chloette.Sisson31_279,Chloette.Sisson31,dispensable string flower sordid straw
Ameline.Netta31_116,Ameline.Netta31,merciful slave rock jagged skirt
Katherine.Hagerman37_770,Katherine.Hagerman37,maniacal flower dwell unarmed brush
Gunilla.Burner14_52,Gunilla.Burner14,bloody rub wreck glorious jellyfish
Kristel.Lauzon23_208,Kristel.Lauzon23,curious volcano cut imaginary grandmother
Else.Kallista11_438,Else.Kallista11,bright dogs fry precious fall
Maggy.Claudetta13_827,Maggy.Claudetta13,watchful leg trade petite addition
Chloette.Sisson31_431,Chloette.Sisson31,repulsive education lean boorish branch
Larissa.Romelda21_456,Larissa.Romelda21,terrible lumber simplify bloody bath
Clarine.Garbe22_620,Clarine.Garbe22,verdant laugh x-ray fast girl
Amelina.Burne81_631,Amelina.Burne81,nauseating loaf switch blushing bedroom
Amandy.Panta30_871,Amandy.Panta30,innocent way lecture peaceful ball
Danna.Tjaden97_543,Danna.Tjaden97,important health forsake lowly geese
Marieann.Siddra73_917,Marieann.Siddra73,wild brothers sin agonizing airplane
Kristel.Lauzon23_257,Kristel.Lauzon23,clear dust weave kaput bait
Ynes.Stokes2_702,Ynes.Stokes2,irate son adapt illustrious pull
Cindra.Rento16_130,Cindra.Rento16,excited kite improve rampant territory
Virginie.Liggitt13_863,Virginie.Liggitt13,gentle visitor sing condemned lunchroom
Essa.Hansen76_486,Essa.Hansen76,grumpy furniture delight successful step
Perrine.Sielen97_839,Perrine.Sielen97,premium celery laugh selfish horn
Andrea.Babette70_171,Andrea.Babette70,pretty zoo monitor deeply boy
Dionis.Maurene89_710,Dionis.Maurene89,habitual chance cross tangible sugar
Nannie.Musser65_829,Nannie.Musser65,reminiscent ink overdo late picture
Opal.Loram56_189,Opal.Loram56,delicious part phone vengeful level
Ninon.Collum48_489,Ninon.Collum48,laughable kite end melted crown
Robinette.Alastair24_115,Robinette.Alastair24,charming queen receive rustic school
Ruthie.Kimmy92_616,Ruthie.Kimmy92,dirty home wriggle garrulous throne
Kirby.Siberson33_583,Kirby.Siberson33,earsplitting bread lick cultured paint
Tandi.Adele32_941,Tandi.Adele32,scandalous bucket transfer fat view
Nessa.Orvan7_188,Nessa.Orvan7,scientific underwear analyze scary weight
Ninon.Collum48_464,Ninon.Collum48,burly bubble choose historical face
Ysabel.Phyllis78_410,Ysabel.Phyllis78,hot farmer undertake elated toy
Essa.Hansen76_975,Essa.Hansen76,domineering mark brake spiritual uncle
Nicholle.Tara57_654,Nicholle.Tara57,permissible science stir direful elbow
Inger.Celinka97_264,Inger.Celinka97,curly blow support bloody balls
Shena.Hinkle84_708,Shena.Hinkle84,hesitant prison itch bewildered regret
Sari.Still60_811,Sari.Still60,angry finger spoil obscene weather
Juli.Cayla8_109,Juli.Cayla8,inexpensive cherry supervise kaput taste
Evita.Garbe93_891,Evita.Garbe93,spiritual hook bare zany trucks
Pearla.Andrew31_469,Pearla.Andrew31,adaptable territory weave nasty spot
Dionis.Maurene89_98,Dionis.Maurene89,melodic scale skip knotty mask
Gunilla.Burner14_297,Gunilla.Burner14,abject answer stand dynamic giraffe
Ysabel.Phyllis78_813,Ysabel.Phyllis78,smooth scale acted lewd prison
Pearla.Andrew31_384,Pearla.Andrew31,grouchy manager mend delightful boy
Jonis.Kamp11_875,Jonis.Kamp11,diligent drain teach futuristic book
Terri.Mackoff35_568,Terri.Mackoff35,rough process fancy tart spoon
Lucie.Guzel18_680,Lucie.Guzel18,attractive trains attack funny soup
Althea.Clarhe34_414,Althea.Clarhe34,glamorous underwear divert helpless hook
Darbie.Stedman42_950,Darbie.Stedman42,frantic deer suit hesitant star
Madeleine.Julianna52_510,Madeleine.Julianna52,whispering pancake shock dizzy tray
Evangeline.Dublin23_864,Evangeline.Dublin23,sable cattle note smelly statement
Evangeline.Dublin23_934,Evangeline.Dublin23,dead comb bite healthy lift
Dionis.Maurene89_662,Dionis.Maurene89,deep scene sip wary camp
Leanna.Kuo93_827,Leanna.Kuo93,devilish soup say scrawny pen
Clarine.Garbe22_926,Clarine.Garbe22,jazzy behavior edited flipped-out bean
Marieann.Siddra73_457,Marieann.Siddra73,jealous tray draw busy duck
Evangeline.Dublin23_331,Evangeline.Dublin23,tangy twist attempt endurable club
Darbie.Stedman42_596,Darbie.Stedman42,amuck texture compose subsequent owner
Tracey.Athallia42_274,Tracey.Athallia42,excellent acoustics steer flaky flock
Zena.Lacie18_873,Zena.Lacie18,blue-eyed picture experiment clammy cart
Madeleine.Julianna52_177,Madeleine.Julianna52,rhetorical amount weave stingy horse
Patsy.Domenech76_429,Patsy.Domenech76,macho move bear groovy smoke
Danna.Tjaden97_925,Danna.Tjaden97,gorgeous teeth intensify weary eye
Nannie.Musser65_490,Nannie.Musser65,wooden arithmetic arbitrate prickly lettuce
Ninon.Collum48_224,Ninon.Collum48,outstanding tiger leave earsplitting coach
Perrine.Sielen97_458,Perrine.Sielen97,fantastic cannon select quick locket
Madeleine.Julianna52_215,Madeleine.Julianna52,proud seashore teach educated plastic
Jonis.Kamp11_723,Jonis.Kamp11,grumpy advice lie many tin
Tracey.Athallia42_423,Tracey.Athallia42,ragged glove reign gainful boot
Guenna.Barna93_978,Guenna.Barna93,instinctive chain mistake fertile process
Trudy.Annnora23_208,Trudy.Annnora23,alike giants rescue assorted self
Edeline.Annunciata32_32,Edeline.Annunciata32,unaccountable juice specify fertile society
Maggy.Claudetta13_576,Maggy.Claudetta13,deep butter phone willing farm
Katherine.Hagerman37_211,Katherine.Hagerman37,hellish nail fetch expensive face
Lurleen.Marten60_541,Lurleen.Marten60,moaning banana monitor yielding chance
Andrea.Babette70_537,Andrea.Babette70,cute vest strip thoughtless mice
Marigold.Kacey87_179,Marigold.Kacey87,distinct wine search quarrelsome instrument
Jonis.Kamp11_142,Jonis.Kamp11,disillusioned pail think quarrelsome night
Milzie.Warms39_917,Milzie.Warms39,scary camp release ultra key
Lucretia.Bekki10_295,Lucretia.Bekki10,cheerful bedroom belong dangerous story
Krissie.Lissner96_140,Krissie.Lissner96,steep canvas love absurd wire
Darbie.Stedman42_705,Darbie.Stedman42,shy sand generate receptive kitten
Jorie.Angrist37_936,Jorie.Angrist37,lyrical club finance relieved cherries
Lise.Aronson91_919,Lise.Aronson91,divergent corn stimulate shrill mother
Tracey.Athallia42_126,Tracey.Athallia42,madly brick qualify green voyage
Lucretia.Bekki10_545,Lucretia.Bekki10,invincible coast analyze silent trucks
Jorie.Angrist37_161,Jorie.Angrist37,sweet wing peep dynamic drum
Petronella.Brent29_886,Petronella.Brent29,wet eyes project aberrant fireman
Ronica.Wickham74_779,Ronica.Wickham74,guarded angle consist gabby harmony
Ynes.Stokes2_616,Ynes.Stokes2,optimal noise adopt salty flesh
Julissa.Wu4_900,Julissa.Wu4,rural addition dispense zippy air
Cherlyn.Derril53_279,Cherlyn.Derril53,addicted field trace square week
Tomasina.Camel58_706,Tomasina.Camel58,tart hot smell yielding straw
Astrix.Shira16_468,Astrix.Shira16,gleaming pencil share stupid sleet
Vanny.Penman43_686,Vanny.Penman43,lacking zoo sell alleged boats
Tracey.Athallia42_691,Tracey.Athallia42,shaky quiet educate whimsical shade
Ameline.Netta31_34,Ameline.Netta31,whimsical seat permit crazy carpenter
Cindra.Rento16_634,Cindra.Rento16,vulgar feather abide tan nail
Vanny.Penman43_142,Vanny.Penman43,fanatical plantation shrug dangerous growth
Danna.Tjaden97_923,Danna.Tjaden97,solid mint negotiate rabid lawyer
Eden.Janet38_460,Eden.Janet38,icky beggar memorize scattered boot
Nessa.Orvan7_106,Nessa.Orvan7,woozy grandmother rehabilitate voiceless move
Darbie.Stedman42_541,Darbie.Stedman42,glorious juice expand snobbish channel
Molli.Centeno46_743,Molli.Centeno46,plausible voice fasten ablaze root
Ynes.Stokes2_282,Ynes.Stokes2,tasteless actor disagree functional stone
Petronella.Brent29_334,Petronella.Brent29,domineering airport search wiry maid
Sonia.Honan43_534,Sonia.Honan43,stimulating house revise squealing beast
Jackie.Jean-Claude54_381,Jackie.Jean-Claude54,secretive picture applaud prickly walk
Krissie.Lissner96_544,Krissie.Lissner96,piquant wound hit brainy plastic
Gabriella.Jeconiah15_335,Gabriella.Jeconiah15,nonchalant border jail madly passenger
Ronalda.Gassman76_447,Ronalda.Gassman76,endurable credit dwell smooth shade
Ameline.Netta31_28,Ameline.Netta31,boundless chickens mate weak dog
Astrix.Shira16_971,Astrix.Shira16,mighty spot improvise big patch
Danna.Tjaden97_24,Danna.Tjaden97,vigorous join park sassy light
Shaina.Maunsell60_790,Shaina.Maunsell60,lyrical pig examine ancient pleasure
Althea.Clarhe34_18,Althea.Clarhe34,helpful lawyer request goofy potato
Gabriella.Jeconiah15_539,Gabriella.Jeconiah15,supreme rainstorm shiver grouchy plough
Juli.Cayla8_494,Juli.Cayla8,depressed owl talk boiling lunch
Ninon.Collum48_868,Ninon.Collum48,splendid afternoon finance yielding stage
Ameline.Netta31_811,Ameline.Netta31,jittery rhythm rhyme open daughter
Lucie.Guzel18_633,Lucie.Guzel18,splendid receipt endure tall dogs
Amelina.Burne81_44,Amelina.Burne81,tested burn sneeze upset toothbrush
Dedie.Robenia64_0,Dedie.Robenia64,decorous hole sneeze green sneeze
Guenna.Barna93_584,Guenna.Barna93,placid mist drag yellow lace
Marigold.Kacey87_472,Marigold.Kacey87,smelly judge tame excellent vase
Reena.Bradski31_937,Reena.Bradski31,auspicious thought sneeze ambitious bubble
Virginie.Liggitt13_656,Virginie.Liggitt13,shocking light rule optimal flavor
Nannie.Musser65_391,Nannie.Musser65,aback field fax wry cattle
Astrix.Shira16_410,Astrix.Shira16,poor coil attach absent alarm
Ruthie.Kimmy92_112,Ruthie.Kimmy92,rabid point forecast erect smoke
Leanna.Kuo93_312,Leanna.Kuo93,terrible crown stimulate soggy zephyr
Evita.Garbe93_254,Evita.Garbe93,gorgeous clam suggest happy dolls
Terri.Mackoff35_492,Terri.Mackoff35,damp jeans depend subsequent advertisement
Amandy.Panta30_435,Amandy.Panta30,odd bucket launch purring church
Kathi.Dronski50_23,Kathi.Dronski50,impartial music change deafening heat
Lucretia.Bekki10_686,Lucretia.Bekki10,ruthless class demonstrate handsome spade
Amelina.Burne81_505,Amelina.Burne81,lovely holiday nail average animal
Gabriella.Jeconiah15_40,Gabriella.Jeconiah15,productive music proofread roomy wood
Madeleine.Julianna52_184,Madeleine.Julianna52,mighty rake rehabilitate late carpenter
Eden.Janet38_22,Eden.Janet38,debonair heart go accidental governor
Essa.Hansen76_801,Essa.Hansen76,roomy shop coil apathetic lawyer
Meris.Connolly26_316,Meris.Connolly26,callous anger contain glossy goose
Darbie.Stedman42_170,Darbie.Stedman42,yielding hate spare wrathful cap
Cherlyn.Derril53_130,Cherlyn.Derril53,cloistered cat retrieve fascinated pancake
Becki.Kristofer27_458,Becki.Kristofer27,gleaming river provide earthy nose
Marilyn.Gill52_182,Marilyn.Gill52,youthful middle inspire small tray
Trudy.Annnora23_174,Trudy.Annnora23,profuse lift bump happy cave
Lise.Aronson91_700,Lise.Aronson91,possessive push delay new mom
Lucretia.Bekki10_704,Lucretia.Bekki10,tan pear muddle delicious finger
Vanny.Penman43_651,Vanny.Penman43,bored head attempt offbeat goldfish
Galina.Walker14_563,Galina.Walker14,vulgar dinosaurs estimate nice boats
Jannel.Kampmeier79_439,Jannel.Kampmeier79,ruddy chairs manage real wax
Monah.Renick44_206,Monah.Renick44,helpful jam mislead magenta mom
Juditha.Barbabas1_381,Juditha.Barbabas1,cloudy pleasure allow kaput scent
Erinn.MacFadyn44_300,Erinn.MacFadyn44,scary scarf integrate tenuous bedroom
Inger.Celinka97_643,Inger.Celinka97,young net hang salty guide
Else.Kallista11_369,Else.Kallista11,classy verse overdo credible berry
Julissa.Wu4_915,Julissa.Wu4,ritzy bean yawn dizzy committee
Muire.Horsey49_329,Muire.Horsey49,godly spy stick swanky opinion
Althea.Clarhe34_238,Althea.Clarhe34,worthless adjustment mine tan robin
Kathi.Dronski50_963,Kathi.Dronski50,meek request spot subsequent clocks
Evangeline.Dublin23_860,Evangeline.Dublin23,hulking history sprout highfalutin industry
Cal.Martinic46_229,Cal.Martinic46,efficacious drum dig uncovered eggs
Pietra.Wehrle64_546,Pietra.Wehrle64,tiresome bucket study shiny plantation
Ysabel.Phyllis78_562,Ysabel.Phyllis78,disgusted minute rule magenta experience
Monah.Renick44_597,Monah.Renick44,dispensable soap want breezy queen
Juditha.Barbabas1_865,Juditha.Barbabas1,frail ear prevent detailed vest
Ruthie.Kimmy92_695,Ruthie.Kimmy92,statuesque soap repeat spectacular feet
Chloette.Sisson31_135,Chloette.Sisson31,lying wrench approve maniacal part
Dionis.Maurene89_716,Dionis.Maurene89,harmonious smile sip outrageous dirt
Kristel.Lauzon23_271,Kristel.Lauzon23,colorful mine work grieving pipe
Kirby.Siberson33_527,Kirby.Siberson33,brave committee vanish didactic regret
Krissie.Lissner96_225,Krissie.Lissner96,fair town attend stimulating game
Audi.Stempson9_233,Audi.Stempson9,inquisitive curve win cruel tray
Petronella.Brent29_963,Petronella.Brent29,super can shear industrious volleyball
Muire.Horsey49_892,Muire.Horsey49,fluttering cats scare enchanting legs
Larissa.Romelda21_607,Larissa.Romelda21,jealous hat begin level book
Dedie.Robenia64_1,Dedie.Robenia64,rambunctious beginner ascertain helpful bubble
Darbie.Stedman42_850,Darbie.Stedman42,little knife invite thankful cloud
Dedie.Robenia64_89,Dedie.Robenia64,whimsical reward blow pathetic beds
Krissie.Lissner96_515,Krissie.Lissner96,brainy brush scare sincere band
Juditha.Barbabas1_820,Juditha.Barbabas1,omniscient haircut squeeze hurt sink
Perrine.Sielen97_128,Perrine.Sielen97,feigned list examine cuddly vegetable
Cindra.Rento16_302,Cindra.Rento16,used cub drip nonstop finger
Dedie.Robenia64_350,Dedie.Robenia64,wistful hat pause snobbish patch
Katherine.Hagerman37_9,Katherine.Hagerman37,loud debt notice adhesive dirt
Ronalda.Gassman76_197,Ronalda.Gassman76,curious mailbox drown bizarre government
Vanny.Penman43_584,Vanny.Penman43,high government understand spurious fire
Guenna.Barna93_7,Guenna.Barna93,troubled road close relieved basketball
Zena.Lacie18_348,Zena.Lacie18,tangible aunt frighten colorful pail
Ysabel.Phyllis78_766,Ysabel.Phyllis78,brief mailbox draw impartial frame
Starr.Stinky51_724,Starr.Stinky51,ragged apple cling determined sofa
Cherlyn.Derril53_425,Cherlyn.Derril53,capricious rabbit wreck brief part
Becki.Kristofer27_920,Becki.Kristofer27,dazzling salt manipulate cloudy key
Andrea.Babette70_997,Andrea.Babette70,lush popcorn enhance big horse
Gunilla.Burner14_759,Gunilla.Burner14,black visitor seek nasty minister
Amandy.Panta30_588,Amandy.Panta30,hissing company bathe tight sky
Jonis.Kamp11_439,Jonis.Kamp11,symptomatic work frighten sassy yarn
Abbe.Shurlock35_248,Abbe.Shurlock35,creepy back excuse tart feet
Evita.Garbe93_768,Evita.Garbe93,flawless crate accept fantastic can
Edeline.Annunciata32_746,Edeline.Annunciata32,cowardly poison dress royal boot
Meris.Connolly26_329,Meris.Connolly26,round spark inspect rainy turn
Julissa.Wu4_709,Julissa.Wu4,jazzy rub eliminate childlike wine
Becki.Kristofer27_175,Becki.Kristofer27,disturbed wing fade garrulous soap
Danna.Tjaden97_214,Danna.Tjaden97,wakeful drop watch jumpy family
Abigale.Raynard49_393,Abigale.Raynard49,soggy frog clean attractive bomb
Lucie.Guzel18_995,Lucie.Guzel18,weary quill refer domineering scarf
Else.Kallista11_426,Else.Kallista11,gentle religion cheer grotesque hope
Shena.Hinkle84_11,Shena.Hinkle84,slow creature step upset quiver
Lurleen.Marten60_789,Lurleen.Marten60,obtainable selection tutor knotty umbrella
Patsy.Domenech76_400,Patsy.Domenech76,humorous texture carry tearful spot
Jannel.Kampmeier79_185,Jannel.Kampmeier79,successful crib speed fuzzy friction
Ysabel.Phyllis78_696,Ysabel.Phyllis78,flippant day insure abundant class
Milzie.Warms39_145,Milzie.Warms39,educated snake finance sordid flesh
Vanny.Penman43_16,Vanny.Penman43,boundless look scream aboard walk
Rozelle.Spracklen43_653,Rozelle.Spracklen43,chubby attention travel tested rail
Danna.Tjaden97_678,Danna.Tjaden97,dead wrench fit bitter memory
Erinn.MacFadyn44_735,Erinn.MacFadyn44,taboo snail meet overrated paper
Chloette.Sisson31_303,Chloette.Sisson31,square pan pour apathetic cactus
Darbie.Stedman42_726,Darbie.Stedman42,defeated appliance waste fair machine
Juditha.Barbabas1_782,Juditha.Barbabas1,breezy van stare demonic twig
Chloette.Sisson31_828,Chloette.Sisson31,skillful grandfather transfer lonely voyage
Kathi.Dronski50_434,Kathi.Dronski50,zippy faucet squeak dead cows
Jonis.Kamp11_873,Jonis.Kamp11,vulgar judge go earsplitting spark
Rozelle.Spracklen43_951,Rozelle.Spracklen43,curious fold close elite railway
Ysabel.Phyllis78_473,Ysabel.Phyllis78,tangy cars order hurt pollution
Chloette.Sisson31_590,Chloette.Sisson31,concerned light squeal fortunate glue
Jonis.Kamp11_912,Jonis.Kamp11,adorable pickle slink earthy toothbrush
Althea.Clarhe34_199,Althea.Clarhe34,squealing dirt rush jagged sisters
Ameline.Netta31_513,Ameline.Netta31,lackadaisical border profess colorful flowers
Ronalda.Gassman76_222,Ronalda.Gassman76,swanky carriage establish grubby street
Evita.Garbe93_469,Evita.Garbe93,shallow flight man seemly pest
Terri.Mackoff35_644,Terri.Mackoff35,jumpy position surround heartbreaking appliance
Juli.Cayla8_302,Juli.Cayla8,grieving border trace various dinosaurs
Larissa.Romelda21_327,Larissa.Romelda21,harsh crook project arrogant taste
Lucie.Guzel18_852,Lucie.Guzel18,old sun seek lavish heart
Opal.Loram56_687,Opal.Loram56,disagreeable desk reduce fair stone
Maggy.Claudetta13_987,Maggy.Claudetta13,sleepy winter conclude bumpy music
Tandi.Adele32_103,Tandi.Adele32,panicky cough weigh gruesome window
Astrix.Shira16_645,Astrix.Shira16,plastic position fling auspicious friction
Abbe.Shurlock35_532,Abbe.Shurlock35,tiny appliance attach worthless ground
Abbe.Shurlock35_69,Abbe.Shurlock35,ad hoc paint carry frightened kick
Krissie.Lissner96_33,Krissie.Lissner96,drab activity pinpoint utopian journey
Abigale.Raynard49_734,Abigale.Raynard49,bloody scale stroke energetic pest
Milzie.Warms39_822,Milzie.Warms39,forgetful fang hook reminiscent cable
Clarine.Garbe22_609,Clarine.Garbe22,curly skirt confuse aboard cherries
Marilyn.Gill52_163,Marilyn.Gill52,fabulous hall brush worthless letters
Ysabel.Phyllis78_666,Ysabel.Phyllis78,wooden fly cover gamy mine
Theodora.Jarrett67_999,Theodora.Jarrett67,perfect approval drag whispering front
Starr.Stinky51_165,Starr.Stinky51,great line marry shaky song
Shena.Hinkle84_799,Shena.Hinkle84,assorted clocks chew staking neck
Julissa.Wu4_137,Julissa.Wu4,empty dock license voiceless ghost
Abigale.Raynard49_212,Abigale.Raynard49,perfect chin remain condemned land
Ronica.Wickham74_61,Ronica.Wickham74,gusty club expand harsh smell
Amelina.Burne81_736,Amelina.Burne81,gamy zipper kneel axiomatic exchange
Perrine.Sielen97_96,Perrine.Sielen97,meek kitty smile murky doll
Virginie.Liggitt13_267,Virginie.Liggitt13,comfortable development compose momentous territory
Rozelle.Spracklen43_652,Rozelle.Spracklen43,uncovered cream behave ethereal picture
Ninon.Collum48_658,Ninon.Collum48,knowledgeable drum hang gamy kite
Else.Kallista11_558,Else.Kallista11,quack dock critique giddy cellar
Robinetta.Hunfredo40_67,Robinetta.Hunfredo40,cuddly map shade blue-eyed sugar
Trudy.Annnora23_451,Trudy.Annnora23,brawny celery review vivacious glue
Ronica.Wickham74_391,Ronica.Wickham74,adhesive scarecrow terrify furtive river
Cindra.Rento16_555,Cindra.Rento16,sore tree help harmonious pizzas
Eden.Janet38_388,Eden.Janet38,macho mountain need succinct banana
Lucie.Guzel18_128,Lucie.Guzel18,distinct brother provide cautious needle
Lucretia.Bekki10_945,Lucretia.Bekki10,tasty brain sketch real crime
Terri.Mackoff35_758,Terri.Mackoff35,wretched team execute damp recess
Molli.Centeno46_170,Molli.Centeno46,doubtful lunchroom marry confused amusement
Jorie.Angrist37_551,Jorie.Angrist37,pathetic basin strip testy haircut
Juditha.Barbabas1_811,Juditha.Barbabas1,crowded place carry adventurous grandmother
Clarine.Garbe22_424,Clarine.Garbe22,nosy rake foresee trashy grandfather
Nannie.Musser65_824,Nannie.Musser65,scary deer shake super crib
Sari.Still60_466,Sari.Still60,accurate school interpret receptive town
Patsy.Domenech76_365,Patsy.Domenech76,ashamed religion respond tiny rake
Evangeline.Dublin23_763,Evangeline.Dublin23,bitter stream scrub selective van
Ronica.Wickham74_476,Ronica.Wickham74,painful stamp budget flat lamp
Shena.Hinkle84_918,Shena.Hinkle84,wiry stick consult bashful kitten
Darbie.Stedman42_653,Darbie.Stedman42,satisfying snake please adhesive wilderness
Milzie.Warms39_913,Milzie.Warms39,boundless books dam illegal minister
Althea.Clarhe34_162,Althea.Clarhe34,jazzy sea chop flowery home
Erinn.MacFadyn44_699,Erinn.MacFadyn44,heartbreaking bun plant ugliest smash
Tracey.Athallia42_533,Tracey.Athallia42,lacking goat heap victorious ghost
Starr.Stinky51_93,Starr.Stinky51,scintillating box show hollow afterthought
Audi.Stempson9_317,Audi.Stempson9,long spy mate thoughtful touch
Theodora.Jarrett67_0,Theodora.Jarrett67,upbeat flesh pay high-pitched existence
Erinn.MacFadyn44_551,Erinn.MacFadyn44,raspy stew altered creepy taste
Danna.Tjaden97_202,Danna.Tjaden97,equable milk arrange obsequious winter
Patsy.Domenech76_278,Patsy.Domenech76,scary bucket cure nonstop decision
Abbe.Shurlock35_986,Abbe.Shurlock35,dark room cast tense increase
Nessa.Orvan7_616,Nessa.Orvan7,boundless rice remain draconian stew
Tomasina.Camel58_267,Tomasina.Camel58,wholesale idea heat healthy riddle
Tomasina.Camel58_815,Tomasina.Camel58,steep picture win feigned queen
Pietra.Wehrle64_250,Pietra.Wehrle64,joyous train profess blue juice
Trudy.Annnora23_515,Trudy.Annnora23,silly stone calculate vivacious car
Nita.Perice32_118,Nita.Perice32,pastoral pest qualify magenta range
Petronella.Brent29_512,Petronella.Brent29,curly hat propose weary stew
Amelina.Burne81_124,Amelina.Burne81,tired insurance utilize innocent cable
Marieann.Siddra73_2,Marieann.Siddra73,wanting pest upgrade prickly belief
Shaina.Maunsell60_387,Shaina.Maunsell60,smooth cake display overconfident trick
Zena.Lacie18_613,Zena.Lacie18,magnificent flock dive tight sound
Alfreda.Ware75_633,Alfreda.Ware75,youthful rain fetch witty afternoon
Juli.Cayla8_307,Juli.Cayla8,smelly treatment inform dirty control
Molli.Centeno46_864,Molli.Centeno46,uncovered bite sketch sassy boundary
Tandi.Adele32_982,Tandi.Adele32,enthusiastic lunchroom forecast wet crush
Pearla.Andrew31_834,Pearla.Andrew31,sordid stop bet used stamp
Katherine.Hagerman37_477,Katherine.Hagerman37,classy apple break stormy linen
Kristel.Lauzon23_81,Kristel.Lauzon23,unbecoming spark breathe detailed theory
Dionis.Maurene89_282,Dionis.Maurene89,powerful riddle place abstracted flock
Ysabel.Phyllis78_617,Ysabel.Phyllis78,innate creator curl dispensable stranger
Else.Kallista11_301,Else.Kallista11,madly front bring smelly dinner
Kathi.Dronski50_752,Kathi.Dronski50,disturbed help squeal hysterical can
Tandi.Adele32_175,Tandi.Adele32,wide boy endure gamy cherry
Nannie.Musser65_990,Nannie.Musser65,stormy twist list voracious dad
Molli.Centeno46_559,Molli.Centeno46,optimal nation fear condemned stem
Astrix.Shira16_619,Astrix.Shira16,small zebra hover workable eyes
Tandi.Adele32_996,Tandi.Adele32,watery driving empty tightfisted cakes
Darbie.Stedman42_126,Darbie.Stedman42,smelly goose x-ray aromatic blow
Ameline.Netta31_377,Ameline.Netta31,kind eggs scorch clumsy support
Edeline.Annunciata32_227,Edeline.Annunciata32,naive property save amused care
Madeleine.Julianna52_892,Madeleine.Julianna52,aback book smite glib sack
Tracey.Athallia42_929,Tracey.Athallia42,substantial condition mend aquatic canvas
Reena.Bradski31_26,Reena.Bradski31,abundant potato retire apathetic bed
Galina.Walker14_142,Galina.Walker14,alive range consult witty bed
Jackie.Jean-Claude54_42,Jackie.Jean-Claude54,skinny cows allow shivering pizzas
Jonis.Kamp11_454,Jonis.Kamp11,tasty road qualify abusive school
Jannel.Kampmeier79_145,Jannel.Kampmeier79,callous crowd object ubiquitous price
Petronella.Brent29_402,Petronella.Brent29,womanly fuel argue quick tray
Robinetta.Hunfredo40_844,Robinetta.Hunfredo40,attractive thumb overhear tenuous crown
Krissie.Lissner96_375,Krissie.Lissner96,wiry butter review little finger
Andrea.Babette70_403,Andrea.Babette70,symptomatic dock wake tiresome foot
Amelina.Burne81_547,Amelina.Burne81,sweet boot polish murky furniture
Auria.Odyssey25_815,Auria.Odyssey25,deep tree fail muddled wilderness
Lise.Aronson91_135,Lise.Aronson91,protective needle solve obscene library
Shaina.Maunsell60_986,Shaina.Maunsell60,aboriginal vest answer wild wave
Jorie.Angrist37_763,Jorie.Angrist37,clean pear love shivering basin
Pearla.Andrew31_406,Pearla.Andrew31,anxious frog carry eminent cars
Julissa.Wu4_834,Julissa.Wu4,humorous afternoon upset spurious turn
Amandy.Panta30_982,Amandy.Panta30,didactic maid recognize labored sisters
Krissie.Lissner96_936,Krissie.Lissner96,deadpan run spark gentle route
Marigold.Kacey87_62,Marigold.Kacey87,unequaled curve kneel bloody sort
Jackie.Jean-Claude54_464,Jackie.Jean-Claude54,garrulous coat shape sharp stew
Vanny.Penman43_752,Vanny.Penman43,lush brush tear few tree
Nicholle.Tara57_716,Nicholle.Tara57,upbeat vase remember uncovered trick
Ninon.Collum48_812,Ninon.Collum48,uninterested holiday frame murky elbow
Nannie.Musser65_931,Nannie.Musser65,invincible tooth park doubtful process
Cindra.Rento16_154,Cindra.Rento16,peaceful minister bend rightful cook
Ninon.Collum48_379,Ninon.Collum48,racial volcano whip premium authority
Milzie.Warms39_265,Milzie.Warms39,moldy pear steer cagey pen
Cherlyn.Derril53_144,Cherlyn.Derril53,childlike scene diagnose alike substance
Clarine.Garbe22_759,Clarine.Garbe22,organic wealth dissect uttermost fog
Marilyn.Eshman33_677,Marilyn.Eshman33,fuzzy road handwrite scattered sleep
Ninon.Collum48_468,Ninon.Collum48,charming veil expand tight property
Amandy.Panta30_899,Amandy.Panta30,sneaky plough recruit elated table
Else.Kallista11_606,Else.Kallista11,hulking sofa separate elated seashore
Becki.Kristofer27_367,Becki.Kristofer27,adjoining railway concentrate learned elbow
Marieann.Siddra73_1000,Marieann.Siddra73,demonic vegetable sip shaky arithmetic
Evita.Garbe93_538,Evita.Garbe93,bumpy butter verbalize magenta nest
Robinette.Alastair24_558,Robinette.Alastair24,unbiased blow yell roomy order
Rozelle.Spracklen43_839,Rozelle.Spracklen43,astonishing fan jog witty doctor
Ronica.Wickham74_38,Ronica.Wickham74,frightened swing strengthen thinkable seashore
Else.Kallista11_744,Else.Kallista11,daily education raise damp size
Nannie.Musser65_483,Nannie.Musser65,fair bath upset disagreeable attack
Amelina.Burne81_334,Amelina.Burne81,sassy boy produce faded income
Zena.Lacie18_982,Zena.Lacie18,substantial fifth think condemned activity
Opal.Loram56_857,Opal.Loram56,aware laborer balance decorous ladybug
Vanny.Penman43_53,Vanny.Penman43,lively loaf preside inexpensive holiday
Patsy.Domenech76_443,Patsy.Domenech76,wooden trouble wet evil turkey
Clarine.Garbe22_738,Clarine.Garbe22,stale arch induce lean worm
Jackie.Jean-Claude54_637,Jackie.Jean-Claude54,long teaching sing capable territory
Chloette.Sisson31_133,Chloette.Sisson31,sable trip qualify muddled arch
Kathi.Dronski50_933,Kathi.Dronski50,hurt maid memorize frantic laugh
Juditha.Barbabas1_791,Juditha.Barbabas1,fanatical tank delay old-fashioned girls
Milzie.Warms39_747,Milzie.Warms39,tan needle impress tiny light
Juditha.Barbabas1_762,Juditha.Barbabas1,delicious cabbage miss nonchalant sidewalk
Vanny.Penman43_978,Vanny.Penman43,uttermost flock fit capricious wax
Virginie.Liggitt13_784,Virginie.Liggitt13,boorish pen weep helpless process
Darbie.Stedman42_303,Darbie.Stedman42,wanting lumber radiate old-fashioned circle
Althea.Clarhe34_765,Althea.Clarhe34,outrageous clouds pine premium maid
Becki.Kristofer27_497,Becki.Kristofer27,invincible birds show ad hoc seashore
Kathi.Dronski50_877,Kathi.Dronski50,green hobbies put thoughtful crown
Perrine.Sielen97_258,Perrine.Sielen97,plastic frogs jam hesitant popcorn
Shaina.Maunsell60_357,Shaina.Maunsell60,evanescent start deserve gruesome books
Starr.Stinky51_899,Starr.Stinky51,psychotic arithmetic concentrate heavenly popcorn
Ruthie.Kimmy92_287,Ruthie.Kimmy92,warlike hydrant brush willing cloud
Roxine.Ansela46_997,Roxine.Ansela46,delicious lunchroom procure watchful distance
Robinette.Alastair24_407,Robinette.Alastair24,determined art zoom nice birth
Trudy.Annnora23_182,Trudy.Annnora23,ruddy bomb jam materialistic brick
Madeleine.Julianna52_604,Madeleine.Julianna52,green wood meet sincere boot
Jorie.Angrist37_876,Jorie.Angrist37,alert trucks induce heavy music
Dionis.Maurene89_167,Dionis.Maurene89,worried slave slay amused coach
Marigold.Kacey87_658,Marigold.Kacey87,threatening gun rescue loud glove
Madeleine.Julianna52_732,Madeleine.Julianna52,sordid jelly maintain burly noise
Ameline.Netta31_221,Ameline.Netta31,damp snow project uninterested science
Theodora.Jarrett67_786,Theodora.Jarrett67,slippery lunchroom finance curly cry
Reena.Bradski31_879,Reena.Bradski31,vigorous ladybug damage fearless cry
Nessa.Orvan7_78,Nessa.Orvan7,enthusiastic chin profess grubby cattle
Andrea.Babette70_774,Andrea.Babette70,panicky care handwrite economic calendar
Virginie.Liggitt13_774,Virginie.Liggitt13,puffy ghost originate towering mailbox
Roxine.Ansela46_928,Roxine.Ansela46,goofy geese forsake empty seed
Perrine.Sielen97_17,Perrine.Sielen97,noiseless pencil procure abnormal brush
Opal.Loram56_833,Opal.Loram56,dizzy scale input tightfisted can
Sari.Still60_844,Sari.Still60,spicy star convert berserk basketball
Tandi.Adele32_566,Tandi.Adele32,thirsty tin glue breezy cracker
Amelina.Burne81_86,Amelina.Burne81,squealing flag light chunky calculator
Kirby.Siberson33_492,Kirby.Siberson33,disagreeable garden admire efficient light
Becki.Kristofer27_43,Becki.Kristofer27,blue-eyed girl draw attractive operation
Clarine.Garbe22_971,Clarine.Garbe22,acceptable aunt charge mindless crack
Juli.Cayla8_222,Juli.Cayla8,clean gate welcome wealthy top
Marieann.Siddra73_185,Marieann.Siddra73,unbiased verse rejoice marked father
Virginie.Liggitt13_416,Virginie.Liggitt13,embarrassed ink budget defeated invention
Althea.Clarhe34_213,Althea.Clarhe34,exclusive drum pedal oceanic button
Else.Kallista11_389,Else.Kallista11,overwrought soda respond gentle process
Dionis.Maurene89_693,Dionis.Maurene89,groovy stream clap protective apparel
Lucretia.Bekki10_800,Lucretia.Bekki10,garrulous uncle release verdant glue
Ameline.Netta31_515,Ameline.Netta31,impartial rule drop clumsy aunt
Juli.Cayla8_185,Juli.Cayla8,absorbed icicle introduce guttural tub
Lucretia.Bekki10_62,Lucretia.Bekki10,judicious hot step festive daughter
Galina.Walker14_451,Galina.Walker14,standing oil groan guarded guide
Cal.Martinic46_847,Cal.Martinic46,tan boot hurry billowy stretch
Katherine.Hagerman37_618,Katherine.Hagerman37,steep slave restructure chivalrous volcano
Danna.Tjaden97_307,Danna.Tjaden97,quack dinner clip excited plane
Ninon.Collum48_751,Ninon.Collum48,fabulous plastic count annoying stone
Amelina.Burne81_839,Amelina.Burne81,exultant boot endure picayune thrill
Leanna.Kuo93_961,Leanna.Kuo93,massive pickle spare oceanic number
Vanny.Penman43_725,Vanny.Penman43,wide arithmetic sneeze idiotic brick
Sari.Still60_52,Sari.Still60,uppity snake represent raspy suggestion
Larissa.Romelda21_247,Larissa.Romelda21,dapper country touch shrill banana
Essa.Hansen76_797,Essa.Hansen76,childlike friend drain marked achieve
Brier.Paten4_654,Brier.Paten4,flaky knowledge heal cultured suit
Inger.Celinka97_230,Inger.Celinka97,optimal pleasure finalize filthy comparison
Ronalda.Gassman76_18,Ronalda.Gassman76,sore idea connect different jellyfish
Katherine.Hagerman37_328,Katherine.Hagerman37,workable nose wrestle unequaled end
Ronalda.Gassman76_395,Ronalda.Gassman76,handsome direction waste aberrant pencil
Essa.Hansen76_775,Essa.Hansen76,ratty mice remember lowly toad
Eden.Janet38_583,Eden.Janet38,sticky number regret whimsical guitar
Rozelle.Spracklen43_530,Rozelle.Spracklen43,healthy show market overt wealth
Maggy.Claudetta13_959,Maggy.Claudetta13,harmonious breakfast wed jittery cub
Abigale.Raynard49_966,Abigale.Raynard49,tangy story dispense silly father
Evangeline.Dublin23_495,Evangeline.Dublin23,elfin banana unpack ruthless giraffe
Kristel.Lauzon23_159,Kristel.Lauzon23,innate hope tame jealous snake
Alfreda.Ware75_896,Alfreda.Ware75,quizzical wealth drown typical underwear
Evangeline.Dublin23_240,Evangeline.Dublin23,unusual glove thank absurd bird
Essa.Hansen76_794,Essa.Hansen76,curly wrist bow elfin amusement
Patsy.Domenech76_561,Patsy.Domenech76,nervous creator fetch scintillating passenger
Lise.Aronson91_394,Lise.Aronson91,skinny thunder creep warm lizards
Ameline.Netta31_397,Ameline.Netta31,tiny throne accomplish grouchy rain
Jerry.Hannis2_404,Jerry.Hannis2,thirsty fire queue silky queen
Inger.Celinka97_271,Inger.Celinka97,colorful field graduate breezy goose
Kristel.Lauzon23_893,Kristel.Lauzon23,gigantic pickle muddle depressed work
Patsy.Domenech76_135,Patsy.Domenech76,imaginary back sow solid wrist
Gabriella.Jeconiah15_535,Gabriella.Jeconiah15,condemned team lay capricious quiet
Edeline.Annunciata32_328,Edeline.Annunciata32,gaping rake yell high-pitched pet
Julissa.Wu4_929,Julissa.Wu4,roasted cattle whisper upset rail
Terri.Mackoff35_898,Terri.Mackoff35,imported son continue snobbish reward
Trudy.Annnora23_771,Trudy.Annnora23,used toothpaste consist curved collar
Jorie.Angrist37_124,Jorie.Angrist37,threatening downtown summarize lackadaisical meat
Jorie.Angrist37_21,Jorie.Angrist37,filthy gate stretch guttural tax
Nessa.Orvan7_463,Nessa.Orvan7,demonic fruit graduate curly scissors
Edeline.Annunciata32_115,Edeline.Annunciata32,zippy throat expect homely border
Reena.Bradski31_798,Reena.Bradski31,literate drawer know yielding beetle
Guenna.Barna93_350,Guenna.Barna93,debonair heat dry somber lamp
Terri.Mackoff35_966,Terri.Mackoff35,mighty tent expedite placid glass
Meris.Connolly26_175,Meris.Connolly26,spooky group finalize magenta baseball
Ruthie.Kimmy92_558,Ruthie.Kimmy92,lowly trip plead little balls
Kirby.Siberson33_694,Kirby.Siberson33,wooden actor punish heavy weather
Tracey.Athallia42_547,Tracey.Athallia42,divergent kitten boil parched bucket
Maggy.Claudetta13_968,Maggy.Claudetta13,round aunt decorate sharp smoke
Pietra.Wehrle64_830,Pietra.Wehrle64,stingy bean regret important family
Zena.Lacie18_536,Zena.Lacie18,gaping trouble overhear moaning pollution
Leanna.Kuo93_498,Leanna.Kuo93,truculent toys search shallow jeans
Krissie.Lissner96_276,Krissie.Lissner96,habitual harbor shape warlike horses
Juli.Cayla8_358,Juli.Cayla8,parsimonious daughter map square wind
Alfreda.Ware75_700,Alfreda.Ware75,panicky cakes sniff illustrious discovery
Ameline.Netta31_956,Ameline.Netta31,sour horse comb mammoth finger
Clarine.Garbe22_441,Clarine.Garbe22,daffy mass race quack flesh
Brier.Paten4_609,Brier.Paten4,gruesome apparel decay yummy knee
Dedie.Robenia64_835,Dedie.Robenia64,humorous level ruin concerned locket
Danna.Tjaden97_401,Danna.Tjaden97,erratic day string sharp spoon
Terri.Mackoff35_1000,Terri.Mackoff35,historical women reproduce curved queen
Cherlyn.Derril53_563,Cherlyn.Derril53,clean wing conceive rough cow
Rozelle.Spracklen43_51,Rozelle.Spracklen43,hellish roll excite ruddy spot
Cherlyn.Derril53_29,Cherlyn.Derril53,plain way remove late silver
Erinn.MacFadyn44_711,Erinn.MacFadyn44,gamy trail end aboard fork
Nicholle.Tara57_490,Nicholle.Tara57,adventurous milk bore melodic can
Galina.Walker14_292,Galina.Walker14,concerned cake press silky fan
Marieann.Siddra73_618,Marieann.Siddra73,quixotic bedroom paddle cruel cry
Audi.Stempson9_964,Audi.Stempson9,big bucket disapprove ambiguous fog
Ynes.Stokes2_344,Ynes.Stokes2,phobic sort help industrious expansion
Evangeline.Dublin23_339,Evangeline.Dublin23,instinctive hope repeat jazzy street
Lucie.Guzel18_517,Lucie.Guzel18,ugly match fasten silly education
Molli.Centeno46_360,Molli.Centeno46,puzzled toothpaste wear yummy dime
Nannie.Musser65_718,Nannie.Musser65,godly touch ignore broken sneeze
Wren.Zetta3_639,Wren.Zetta3,absorbing stretch classify wholesale mine
Theodora.Jarrett67_848,Theodora.Jarrett67,testy yam misspell nifty line
Dedie.Robenia64_842,Dedie.Robenia64,boiling alarm visit receptive actor
Marilyn.Eshman33_184,Marilyn.Eshman33,incompetent magic tug incandescent home
Sonia.Honan43_742,Sonia.Honan43,scintillating respect wake hot hate
Nicholle.Tara57_55,Nicholle.Tara57,wanting bedroom bang squealing experience
Julissa.Wu4_271,Julissa.Wu4,gaping soda glue known flowers
Evita.Garbe93_464,Evita.Garbe93,adventurous orange slit sulky children
Erinn.MacFadyn44_501,Erinn.MacFadyn44,vengeful beginner save cagey distance
Chloette.Sisson31_5,Chloette.Sisson31,nondescript room perfect ragged chain
Cal.Martinic46_481,Cal.Martinic46,naive copper challenge nutritious animal
Marieann.Siddra73_775,Marieann.Siddra73,aboard aunt praised unusual tank
Guenna.Barna93_644,Guenna.Barna93,elfin toes introduce typical treatment
Rozelle.Spracklen43_906,Rozelle.Spracklen43,laughable steel spark berserk throat
Gunilla.Burner14_880,Gunilla.Burner14,hospitable punishment wend tested action
Monah.Renick44_546,Monah.Renick44,capricious hydrant inlay panoramic bubble
Jannel.Kampmeier79_355,Jannel.Kampmeier79,parched trick warm level profit
Jerry.Hannis2_268,Jerry.Hannis2,burly society broadcast impartial story
Lucretia.Bekki10_874,Lucretia.Bekki10,sassy store lie gigantic cake
Evita.Garbe93_930,Evita.Garbe93,mysterious square bolt level toothbrush
Tracey.Athallia42_540,Tracey.Athallia42,sordid nation zip slimy lake
Monah.Renick44_145,Monah.Renick44,barbarous bat generate tame trousers
Kristel.Lauzon23_133,Kristel.Lauzon23,hulking note grate straight basket
Jackie.Jean-Claude54_177,Jackie.Jean-Claude54,sweet star input mere glove
Robinetta.Hunfredo40_748,Robinetta.Hunfredo40,splendid veil note secretive form
Zena.Lacie18_182,Zena.Lacie18,cooperative church catalog nosy property
Marilyn.Eshman33_32,Marilyn.Eshman33,sincere cow crawl deafening cloud
Galina.Walker14_309,Galina.Walker14,daffy girls live questionable bait
Tomasina.Camel58_808,Tomasina.Camel58,marked meal ski calm teaching
Maggy.Claudetta13_434,Maggy.Claudetta13,massive tooth consist juicy feeling
Gabriella.Jeconiah15_629,Gabriella.Jeconiah15,panoramic rifle whisper numerous soap
Andrea.Babette70_347,Andrea.Babette70,absorbing bubble escape ordinary clam
Amelina.Burne81_712,Amelina.Burne81,panoramic chicken color premium cake
Evangeline.Dublin23_192,Evangeline.Dublin23,lewd riddle sing easy self
Perrine.Sielen97_747,Perrine.Sielen97,marked hope plug numerous street
Galina.Walker14_37,Galina.Walker14,blushing arm exhibit workable flesh
Tandi.Adele32_364,Tandi.Adele32,craven apple tip threatening society
Astrix.Shira16_182,Astrix.Shira16,empty man formulate silly knife
Abigale.Raynard49_170,Abigale.Raynard49,heartbreaking hall overflow screeching rainstorm
Juli.Cayla8_585,Juli.Cayla8,red flower label watery system
Milzie.Warms39_840,Milzie.Warms39,lazy morning stick grieving van
Ameline.Netta31_341,Ameline.Netta31,alive tent flow debonair crush
Alfreda.Ware75_989,Alfreda.Ware75,billowy brother install scintillating cemetery
Madeleine.Julianna52_374,Madeleine.Julianna52,uncovered drug possess disagreeable pear
Trudy.Annnora23_987,Trudy.Annnora23,equable doll cling hurt tongue
Larissa.Romelda21_0,Larissa.Romelda21,abstracted spark sprout spiritual owl
Galina.Walker14_949,Galina.Walker14,crazy grandmother lick watery touch
Galina.Walker14_425,Galina.Walker14,soggy mitten leap absorbing breath
Sari.Still60_377,Sari.Still60,knotty popcorn command grouchy leg
Pearla.Andrew31_175,Pearla.Andrew31,astonishing cloth fax telling comparison
Shaina.Maunsell60_169,Shaina.Maunsell60,gruesome time recommend lonely development
Jackie.Jean-Claude54_558,Jackie.Jean-Claude54,mammoth mailbox paint parched men
Cindra.Rento16_389,Cindra.Rento16,madly flag bind parsimonious flock
Marieann.Siddra73_998,Marieann.Siddra73,bright help park easy lock
Meris.Connolly26_881,Meris.Connolly26,observant eggnog attempt ruthless guitar
Cherlyn.Derril53_819,Cherlyn.Derril53,easy plastic bend itchy governor
Perrine.Sielen97_65,Perrine.Sielen97,lucky plant reason tightfisted poison
Inger.Celinka97_516,Inger.Celinka97,warlike purpose tug skillful mist
Rozelle.Spracklen43_190,Rozelle.Spracklen43,high-pitched milk broadcast fast birthday
Andrea.Babette70_776,Andrea.Babette70,greedy dust pinch pleasant fowl
Cindra.Rento16_890,Cindra.Rento16,youthful name interpret hulking dolls
Chloette.Sisson31_478,Chloette.Sisson31,gainful force supply obnoxious bean
Muire.Horsey49_660,Muire.Horsey49,unarmed rock develop small wood
Shena.Hinkle84_42,Shena.Hinkle84,sweltering lumber serve diligent basin
Zena.Lacie18_774,Zena.Lacie18,jobless clam illustrate strange activity
Patsy.Domenech76_47,Patsy.Domenech76,dizzy boy run decisive tent
Kristel.Lauzon23_346,Kristel.Lauzon23,harsh shape approve steadfast wire
Kathi.Dronski50_745,Kathi.Dronski50,womanly bridge shave tacky art
Gunilla.Burner14_436,Gunilla.Burner14,lacking fact belong harsh farm
Jannel.Kampmeier79_743,Jannel.Kampmeier79,labored spy locate scintillating throat
Krissie.Lissner96_362,Krissie.Lissner96,tasteless calendar manage obsequious canvas
Nicholle.Tara57_891,Nicholle.Tara57,flashy bat yawn fast calendar
Inger.Celinka97_907,Inger.Celinka97,inquisitive soda verify disturbed class
Pietra.Wehrle64_49,Pietra.Wehrle64,obeisant planes play scientific root
Madeleine.Julianna52_52,Madeleine.Julianna52,determined boundary inspire quizzical winter
Shena.Hinkle84_535,Shena.Hinkle84,wary fireman lecture loutish treatment
Andrea.Babette70_671,Andrea.Babette70,loving lake dare thinkable regret
Dionis.Maurene89_911,Dionis.Maurene89,somber journey see gentle bomb
Althea.Clarhe34_786,Althea.Clarhe34,super wheel design incandescent rain
Brier.Paten4_313,Brier.Paten4,elite cellar control defeated berry
Muire.Horsey49_609,Muire.Horsey49,whispering creature counsel massive talk
Gunilla.Burner14_728,Gunilla.Burner14,gamy substance sail bored plastic
Else.Kallista11_707,Else.Kallista11,protective competition confuse truculent brick
Jackie.Jean-Claude54_191,Jackie.Jean-Claude54,auspicious fireman challenge defeated toothpaste
Astrix.Shira16_696,Astrix.Shira16,slimy sea request callous attention
Dedie.Robenia64_538,Dedie.Robenia64,hospitable body invite enthusiastic pet
Auria.Odyssey25_742,Auria.Odyssey25,wealthy brass hang icy picture
Lucretia.Bekki10_365,Lucretia.Bekki10,mushy hospital progress abounding cast
Opal.Loram56_243,Opal.Loram56,bashful grade devise nebulous sea
Jerry.Hannis2_226,Jerry.Hannis2,hospitable poison part tearful houses
Lucretia.Bekki10_597,Lucretia.Bekki10,sweltering cloud wring strange hate
Essa.Hansen76_759,Essa.Hansen76,sulky vest appreciate magnificent lift
Meris.Connolly26_432,Meris.Connolly26,wrathful mountain realign womanly heat
Auria.Odyssey25_857,Auria.Odyssey25,wistful aunt shake functional map
Ronalda.Gassman76_605,Ronalda.Gassman76,agreeable riddle approve lean banana
Perrine.Sielen97_640,Perrine.Sielen97,sulky wing initiate uppity love
Cherlyn.Derril53_223,Cherlyn.Derril53,faithful existence compete numerous men
Cindra.Rento16_316,Cindra.Rento16,hollow light promote venomous railway
Julissa.Wu4_941,Julissa.Wu4,foolish cup rain elderly trip
Tracey.Athallia42_287,Tracey.Athallia42,handsome ice mow glossy front
Nita.Perice32_616,Nita.Perice32,graceful cows scream hard prose
Erinn.MacFadyn44_615,Erinn.MacFadyn44,annoying crib pop handsome afternoon
Althea.Clarhe34_269,Althea.Clarhe34,clammy pet branch spiffy spark
Marigold.Kacey87_544,Marigold.Kacey87,petite crush draft cagey rake
Kirby.Siberson33_654,Kirby.Siberson33,obsequious level breathe wise girl
Pietra.Wehrle64_729,Pietra.Wehrle64,worthless flag wash overjoyed quicksand
Nessa.Orvan7_639,Nessa.Orvan7,stormy guitar rate melted beef
Tandi.Adele32_829,Tandi.Adele32,warlike pear melt late carriage
Marilyn.Eshman33_481,Marilyn.Eshman33,boiling debt abide jumbled morning
Becki.Kristofer27_893,Becki.Kristofer27,new bedroom obey aspiring poison
Ysabel.Phyllis78_872,Ysabel.Phyllis78,stupid summer forecast bored toothpaste
Marieann.Siddra73_974,Marieann.Siddra73,various belief protect phobic fish
Juli.Cayla8_138,Juli.Cayla8,fertile news initiate wealthy honey
Starr.Stinky51_617,Starr.Stinky51,oval umbrella soothe upbeat quiver
Kathi.Dronski50_635,Kathi.Dronski50,lethal level part annoyed match
Abigale.Raynard49_985,Abigale.Raynard49,outrageous hope dare used jeans
Shaina.Maunsell60_19,Shaina.Maunsell60,stimulating frog squeak juvenile underwear
Dedie.Robenia64_304,Dedie.Robenia64,substantial word graduate detailed marble
Jerry.Hannis2_795,Jerry.Hannis2,exuberant alley leave satisfying scale
Kirby.Siberson33_774,Kirby.Siberson33,animated afterthought project mindless patch
Vanny.Penman43_844,Vanny.Penman43,garrulous spot provide somber river
Robinette.Alastair24_260,Robinette.Alastair24,organic veil meddle weary tiger
Roxine.Ansela46_873,Roxine.Ansela46,dirty planes compare grieving friction
Lurleen.Marten60_160,Lurleen.Marten60,unadvised cent read daffy snake
Erinn.MacFadyn44_729,Erinn.MacFadyn44,cynical scale detect tan tree
Ninon.Collum48_109,Ninon.Collum48,accessible structure demonstrate optimal recess
Nicholle.Tara57_788,Nicholle.Tara57,sloppy wilderness transfer luxuriant rule
Muire.Horsey49_727,Muire.Horsey49,subsequent town paddle frantic nerve
Cal.Martinic46_260,Cal.Martinic46,lucky hen tumble abundant pail
Audi.Stempson9_950,Audi.Stempson9,warlike brick weigh jagged sleet
Sari.Still60_332,Sari.Still60,delicious wealth trade abounding brother
Jorie.Angrist37_278,Jorie.Angrist37,evasive string tire round pancake
Abbe.Shurlock35_863,Abbe.Shurlock35,heartbreaking playground innovate absent uncle
Dionis.Maurene89_749,Dionis.Maurene89,nostalgic elbow experiment macabre drum
Pearla.Andrew31_120,Pearla.Andrew31,undesirable brush fence nebulous heart
Leanna.Kuo93_200,Leanna.Kuo93,uninterested eyes receive dusty heart
Shaina.Maunsell60_540,Shaina.Maunsell60,arrogant channel meddle open wind
Lurleen.Marten60_941,Lurleen.Marten60,gullible spot clothe repulsive hammer
Ronica.Wickham74_416,Ronica.Wickham74,wacky whistle delegate condemned flower
Guenna.Barna93_369,Guenna.Barna93,overjoyed cat assure important magic
Terri.Mackoff35_822,Terri.Mackoff35,aromatic hill deliver royal fowl
Reena.Bradski31_331,Reena.Bradski31,healthy twig undergo purring number
Opal.Loram56_577,Opal.Loram56,vague rice provide lamentable train
Eden.Janet38_622,Eden.Janet38,groovy yarn look maniacal bed
Meris.Connolly26_747,Meris.Connolly26,imperfect cent chop icky flag
Meris.Connolly26_441,Meris.Connolly26,smooth station change wonderful anger
Virginie.Liggitt13_684,Virginie.Liggitt13,righteous effect rush defective feather
Audi.Stempson9_393,Audi.Stempson9,troubled hen attract longing holiday
Tandi.Adele32_608,Tandi.Adele32,tasteful pest paddle kaput morning
Kirby.Siberson33_374,Kirby.Siberson33,sticky polish illustrate wiry cannon
Maggy.Claudetta13_5,Maggy.Claudetta13,threatening giraffe appraise flawless sack
Shena.Hinkle84_686,Shena.Hinkle84,cheerful boats laugh terrible shade
Brier.Paten4_23,Brier.Paten4,ancient competition research naive grade
Inger.Celinka97_402,Inger.Celinka97,witty winter dream daffy error
Essa.Hansen76_245,Essa.Hansen76,condemned walk rule reflective weather
Milzie.Warms39_520,Milzie.Warms39,lean attention scrub abiding glue
Lucie.Guzel18_972,Lucie.Guzel18,teeny-tiny frog motivate lean screw
Lucie.Guzel18_996,Lucie.Guzel18,receptive crayon officiate angry selection
Trudy.Annnora23_655,Trudy.Annnora23,ugliest rabbit laugh longing plane
Maggy.Claudetta13_389,Maggy.Claudetta13,victorious pocket juggle vengeful step
Inger.Celinka97_117,Inger.Celinka97,elfin twig belong spiritual clover
Chloette.Sisson31_775,Chloette.Sisson31,wet mother weigh level achieve
Shena.Hinkle84_123,Shena.Hinkle84,elfin pollution ensure mammoth shape
Virginie.Liggitt13_935,Virginie.Liggitt13,abstracted cellar number handsomely humor
Molli.Centeno46_452,Molli.Centeno46,better channel facilitate tasty comb
Marilyn.Eshman33_757,Marilyn.Eshman33,immense spark charge dull wealth
Andrea.Babette70_323,Andrea.Babette70,hard crate suppose adorable mother
Juditha.Barbabas1_138,Juditha.Barbabas1,inquisitive operation reflect strong arm
Petronella.Brent29_660,Petronella.Brent29,doubtful scale hover dynamic stomach
Pearla.Andrew31_986,Pearla.Andrew31,feigned territory assist acoustic cub
Nannie.Musser65_737,Nannie.Musser65,proud jellyfish anticipate sassy soap
Eden.Janet38_525,Eden.Janet38,pointless achiever construct null design
Lucie.Guzel18_179,Lucie.Guzel18,adhesive road express steady aunt
Krissie.Lissner96_481,Krissie.Lissner96,zealous drink spark panoramic quilt
Kirby.Siberson33_179,Kirby.Siberson33,cautious lumber bid broken worm
Vanny.Penman43_753,Vanny.Penman43,jazzy alley rank aspiring bread
Evangeline.Dublin23_189,Evangeline.Dublin23,unarmed cobweb owe abaft class
Jonis.Kamp11_516,Jonis.Kamp11,woozy family misunderstand puny talk
Ronalda.Gassman76_830,Ronalda.Gassman76,jealous division protect cloistered help
Becki.Kristofer27_616,Becki.Kristofer27,fierce son detect husky beggar
Andrea.Babette70_937,Andrea.Babette70,boundless pancake provide exotic division
Brier.Paten4_828,Brier.Paten4,overwrought spy formulate fragile show
Vanny.Penman43_434,Vanny.Penman43,graceful distance supply deadpan hospital
Ronica.Wickham74_660,Ronica.Wickham74,shrill snake confront cagey twist
Alfreda.Ware75_131,Alfreda.Ware75,habitual addition systemize wiry scale
Jerry.Hannis2_361,Jerry.Hannis2,tightfisted dolls dare handsome faucet
Jonis.Kamp11_70,Jonis.Kamp11,abashed food settle wooden pen
Danna.Tjaden97_941,Danna.Tjaden97,ruddy chickens fancy exultant plantation
Lurleen.Marten60_440,Lurleen.Marten60,subdued frame sow direful view
Essa.Hansen76_649,Essa.Hansen76,gentle vegetable log miniature popcorn
Molli.Centeno46_536,Molli.Centeno46,ambiguous notebook taste quarrelsome sidewalk
Pietra.Wehrle64_319,Pietra.Wehrle64,successful shoes crack glamorous uncle
Patsy.Domenech76_476,Patsy.Domenech76,obnoxious cable disagree honorable door
Molli.Centeno46_375,Molli.Centeno46,funny pot sing hissing pail
Andrea.Babette70_473,Andrea.Babette70,stereotyped education execute tranquil country
Shena.Hinkle84_142,Shena.Hinkle84,futuristic steel demonstrate funny eggs
Nessa.Orvan7_22,Nessa.Orvan7,unbiased sink chop oafish grape
Juditha.Barbabas1_465,Juditha.Barbabas1,unaccountable geese sting average bun
Robinetta.Hunfredo40_19,Robinetta.Hunfredo40,gentle lead originate accidental root
Pearla.Andrew31_726,Pearla.Andrew31,hysterical linen suspend blushing pail
Sari.Still60_307,Sari.Still60,disgusted stew explode nosy science
Wren.Zetta3_18,Wren.Zetta3,mammoth minute warm filthy cord
Nicholle.Tara57_254,Nicholle.Tara57,aquatic position respond typical sidewalk
Jonis.Kamp11_483,Jonis.Kamp11,cool bubble back raspy arch
Zena.Lacie18_592,Zena.Lacie18,elated test stamp changeable cows
Amelina.Burne81_749,Amelina.Burne81,tacit cent kick delightful rock
Essa.Hansen76_861,Essa.Hansen76,dusty voyage behold tawdry dime
Cal.Martinic46_576,Cal.Martinic46,premium pencil flee whimsical temper
Terri.Mackoff35_661,Terri.Mackoff35,ambitious judge sound tasteless crowd
Nessa.Orvan7_1,Nessa.Orvan7,tame representative classify madly hammer
Danna.Tjaden97_580,Danna.Tjaden97,bad opinion serve elite cherries
Theodora.Jarrett67_713,Theodora.Jarrett67,chunky vegetable surprise hulking engine
Abigale.Raynard49_23,Abigale.Raynard49,efficient day complain greedy river
Ruthie.Kimmy92_982,Ruthie.Kimmy92,funny fan quit faded part
Ninon.Collum48_332,Ninon.Collum48,permissible fly form stereotyped robin
Jonis.Kamp11_270,Jonis.Kamp11,robust governor upgrade young fan
Zena.Lacie18_675,Zena.Lacie18,obscene wealth misunderstand aberrant hook
Ameline.Netta31_236,Ameline.Netta31,legal band see uptight soap
